{
  "description": "Historical release data for 50 telco platform releases. Each release records which modules were changed, the full regression suite that was run, and which modules had test failures.",
  "modules": [
    "Order Management",
    "Billing",
    "CRM",
    "Network Management",
    "Provisioning",
    "Authentication",
    "Notifications",
    "Analytics",
    "Inventory Management",
    "Field Services",
    "Rating Engine",
    "Self-Service Portal"
  ],
  "releases": [
    {
      "release_id": "R001",
      "date": "2025-01-10",
      "modules_changed": ["Order Management"],
      "regression_modules_run": ["Order Management", "Billing", "CRM", "Network Management", "Provisioning", "Authentication", "Notifications", "Analytics", "Inventory Management", "Field Services", "Rating Engine", "Self-Service Portal"],
      "test_failures": ["Order Management", "Billing", "Provisioning"]
    },
    {
      "release_id": "R002",
      "date": "2025-01-17",
      "modules_changed": ["Billing"],
      "regression_modules_run": ["Order Management", "Billing", "CRM", "Network Management", "Provisioning", "Authentication", "Notifications", "Analytics", "Inventory Management", "Field Services", "Rating Engine", "Self-Service Portal"],
      "test_failures": ["Billing", "Notifications", "Analytics"]
    },
    {
      "release_id": "R003",
      "date": "2025-01-24",
      "modules_changed": ["CRM"],
      "regression_modules_run": ["Order Management", "Billing", "CRM", "Network Management", "Provisioning", "Authentication", "Notifications", "Analytics", "Inventory Management", "Field Services", "Rating Engine", "Self-Service Portal"],
      "test_failures": ["CRM", "Notifications", "Self-Service Portal"]
    },
    {
      "release_id": "R004",
      "date": "2025-01-31",
      "modules_changed": ["Network Management"],
      "regression_modules_run": ["Order Management", "Billing", "CRM", "Network Management", "Provisioning", "Authentication", "Notifications", "Analytics", "Inventory Management", "Field Services", "Rating Engine", "Self-Service Portal"],
      "test_failures": ["Network Management", "Analytics", "Provisioning"]
    },
    {
      "release_id": "R005",
      "date": "2025-02-07",
      "modules_changed": ["Provisioning"],
      "regression_modules_run": ["Order Management", "Billing", "CRM", "Network Management", "Provisioning", "Authentication", "Notifications", "Analytics", "Inventory Management", "Field Services", "Rating Engine", "Self-Service Portal"],
      "test_failures": ["Provisioning", "Network Management", "Inventory Management"]
    },
    {
      "release_id": "R006",
      "date": "2025-02-14",
      "modules_changed": ["Authentication"],
      "regression_modules_run": ["Order Management", "Billing", "CRM", "Network Management", "Provisioning", "Authentication", "Notifications", "Analytics", "Inventory Management", "Field Services", "Rating Engine", "Self-Service Portal"],
      "test_failures": ["Authentication", "CRM", "Self-Service Portal"]
    },
    {
      "release_id": "R007",
      "date": "2025-02-21",
      "modules_changed": ["Rating Engine"],
      "regression_modules_run": ["Order Management", "Billing", "CRM", "Network Management", "Provisioning", "Authentication", "Notifications", "Analytics", "Inventory Management", "Field Services", "Rating Engine", "Self-Service Portal"],
      "test_failures": ["Rating Engine", "Billing", "Analytics"]
    },
    {
      "release_id": "R008",
      "date": "2025-02-28",
      "modules_changed": ["Inventory Management"],
      "regression_modules_run": ["Order Management", "Billing", "CRM", "Network Management", "Provisioning", "Authentication", "Notifications", "Analytics", "Inventory Management", "Field Services", "Rating Engine", "Self-Service Portal"],
      "test_failures": ["Inventory Management", "Field Services"]
    },
    {
      "release_id": "R009",
      "date": "2025-03-07",
      "modules_changed": ["Notifications"],
      "regression_modules_run": ["Order Management", "Billing", "CRM", "Network Management", "Provisioning", "Authentication", "Notifications", "Analytics", "Inventory Management", "Field Services", "Rating Engine", "Self-Service Portal"],
      "test_failures": ["Notifications"]
    },
    {
      "release_id": "R010",
      "date": "2025-03-14",
      "modules_changed": ["Analytics"],
      "regression_modules_run": ["Order Management", "Billing", "CRM", "Network Management", "Provisioning", "Authentication", "Notifications", "Analytics", "Inventory Management", "Field Services", "Rating Engine", "Self-Service Portal"],
      "test_failures": ["Analytics", "Self-Service Portal"]
    },
    {
      "release_id": "R011",
      "date": "2025-03-21",
      "modules_changed": ["Field Services"],
      "regression_modules_run": ["Order Management", "Billing", "CRM", "Network Management", "Provisioning", "Authentication", "Notifications", "Analytics", "Inventory Management", "Field Services", "Rating Engine", "Self-Service Portal"],
      "test_failures": ["Field Services"]
    },
    {
      "release_id": "R012",
      "date": "2025-03-28",
      "modules_changed": ["Self-Service Portal"],
      "regression_modules_run": ["Order Management", "Billing", "CRM", "Network Management", "Provisioning", "Authentication", "Notifications", "Analytics", "Inventory Management", "Field Services", "Rating Engine", "Self-Service Portal"],
      "test_failures": ["Self-Service Portal"]
    },
    {
      "release_id": "R013",
      "date": "2025-04-04",
      "modules_changed": ["Order Management", "Billing"],
      "regression_modules_run": ["Order Management", "Billing", "CRM", "Network Management", "Provisioning", "Authentication", "Notifications", "Analytics", "Inventory Management", "Field Services", "Rating Engine", "Self-Service Portal"],
      "test_failures": ["Order Management", "Billing", "Provisioning", "Notifications", "Analytics"]
    },
    {
      "release_id": "R014",
      "date": "2025-04-11",
      "modules_changed": ["Order Management", "CRM"],
      "regression_modules_run": ["Order Management", "Billing", "CRM", "Network Management", "Provisioning", "Authentication", "Notifications", "Analytics", "Inventory Management", "Field Services", "Rating Engine", "Self-Service Portal"],
      "test_failures": ["Order Management", "CRM", "Billing", "Provisioning", "Notifications", "Self-Service Portal"]
    },
    {
      "release_id": "R015",
      "date": "2025-04-18",
      "modules_changed": ["Billing", "CRM"],
      "regression_modules_run": ["Order Management", "Billing", "CRM", "Network Management", "Provisioning", "Authentication", "Notifications", "Analytics", "Inventory Management", "Field Services", "Rating Engine", "Self-Service Portal"],
      "test_failures": ["Billing", "CRM", "Notifications", "Analytics", "Self-Service Portal"]
    },
    {
      "release_id": "R016",
      "date": "2025-04-25",
      "modules_changed": ["Network Management", "Provisioning"],
      "regression_modules_run": ["Order Management", "Billing", "CRM", "Network Management", "Provisioning", "Authentication", "Notifications", "Analytics", "Inventory Management", "Field Services", "Rating Engine", "Self-Service Portal"],
      "test_failures": ["Network Management", "Provisioning", "Analytics", "Inventory Management"]
    },
    {
      "release_id": "R017",
      "date": "2025-05-02",
      "modules_changed": ["Authentication", "Billing"],
      "regression_modules_run": ["Order Management", "Billing", "CRM", "Network Management", "Provisioning", "Authentication", "Notifications", "Analytics", "Inventory Management", "Field Services", "Rating Engine", "Self-Service Portal"],
      "test_failures": ["Authentication", "Billing", "CRM", "Self-Service Portal", "Notifications", "Analytics"]
    },
    {
      "release_id": "R018",
      "date": "2025-05-09",
      "modules_changed": ["Rating Engine", "Order Management"],
      "regression_modules_run": ["Order Management", "Billing", "CRM", "Network Management", "Provisioning", "Authentication", "Notifications", "Analytics", "Inventory Management", "Field Services", "Rating Engine", "Self-Service Portal"],
      "test_failures": ["Rating Engine", "Order Management", "Billing", "Analytics", "Provisioning"]
    },
    {
      "release_id": "R019",
      "date": "2025-05-16",
      "modules_changed": ["Inventory Management", "Provisioning"],
      "regression_modules_run": ["Order Management", "Billing", "CRM", "Network Management", "Provisioning", "Authentication", "Notifications", "Analytics", "Inventory Management", "Field Services", "Rating Engine", "Self-Service Portal"],
      "test_failures": ["Inventory Management", "Provisioning", "Field Services", "Network Management"]
    },
    {
      "release_id": "R020",
      "date": "2025-05-23",
      "modules_changed": ["Order Management"],
      "regression_modules_run": ["Order Management", "Billing", "CRM", "Network Management", "Provisioning", "Authentication", "Notifications", "Analytics", "Inventory Management", "Field Services", "Rating Engine", "Self-Service Portal"],
      "test_failures": ["Order Management", "Billing", "Provisioning"]
    },
    {
      "release_id": "R021",
      "date": "2025-05-30",
      "modules_changed": ["Billing"],
      "regression_modules_run": ["Order Management", "Billing", "CRM", "Network Management", "Provisioning", "Authentication", "Notifications", "Analytics", "Inventory Management", "Field Services", "Rating Engine", "Self-Service Portal"],
      "test_failures": ["Billing", "Notifications", "Analytics"]
    },
    {
      "release_id": "R022",
      "date": "2025-06-06",
      "modules_changed": ["CRM", "Authentication"],
      "regression_modules_run": ["Order Management", "Billing", "CRM", "Network Management", "Provisioning", "Authentication", "Notifications", "Analytics", "Inventory Management", "Field Services", "Rating Engine", "Self-Service Portal"],
      "test_failures": ["CRM", "Authentication", "Notifications", "Self-Service Portal"]
    },
    {
      "release_id": "R023",
      "date": "2025-06-13",
      "modules_changed": ["Rating Engine"],
      "regression_modules_run": ["Order Management", "Billing", "CRM", "Network Management", "Provisioning", "Authentication", "Notifications", "Analytics", "Inventory Management", "Field Services", "Rating Engine", "Self-Service Portal"],
      "test_failures": ["Rating Engine", "Billing", "Analytics"]
    },
    {
      "release_id": "R024",
      "date": "2025-06-20",
      "modules_changed": ["Network Management"],
      "regression_modules_run": ["Order Management", "Billing", "CRM", "Network Management", "Provisioning", "Authentication", "Notifications", "Analytics", "Inventory Management", "Field Services", "Rating Engine", "Self-Service Portal"],
      "test_failures": ["Network Management", "Analytics"]
    },
    {
      "release_id": "R025",
      "date": "2025-06-27",
      "modules_changed": ["Order Management", "Billing", "CRM"],
      "regression_modules_run": ["Order Management", "Billing", "CRM", "Network Management", "Provisioning", "Authentication", "Notifications", "Analytics", "Inventory Management", "Field Services", "Rating Engine", "Self-Service Portal"],
      "test_failures": ["Order Management", "Billing", "CRM", "Provisioning", "Notifications", "Analytics", "Self-Service Portal"]
    },
    {
      "release_id": "R026",
      "date": "2025-07-04",
      "modules_changed": ["Authentication", "Order Management"],
      "regression_modules_run": ["Order Management", "Billing", "CRM", "Network Management", "Provisioning", "Authentication", "Notifications", "Analytics", "Inventory Management", "Field Services", "Rating Engine", "Self-Service Portal"],
      "test_failures": ["Authentication", "Order Management", "CRM", "Self-Service Portal", "Billing", "Provisioning"]
    },
    {
      "release_id": "R027",
      "date": "2025-07-11",
      "modules_changed": ["Provisioning"],
      "regression_modules_run": ["Order Management", "Billing", "CRM", "Network Management", "Provisioning", "Authentication", "Notifications", "Analytics", "Inventory Management", "Field Services", "Rating Engine", "Self-Service Portal"],
      "test_failures": ["Provisioning", "Network Management", "Inventory Management"]
    },
    {
      "release_id": "R028",
      "date": "2025-07-18",
      "modules_changed": ["Billing", "Rating Engine"],
      "regression_modules_run": ["Order Management", "Billing", "CRM", "Network Management", "Provisioning", "Authentication", "Notifications", "Analytics", "Inventory Management", "Field Services", "Rating Engine", "Self-Service Portal"],
      "test_failures": ["Billing", "Rating Engine", "Notifications", "Analytics"]
    },
    {
      "release_id": "R029",
      "date": "2025-07-25",
      "modules_changed": ["CRM"],
      "regression_modules_run": ["Order Management", "Billing", "CRM", "Network Management", "Provisioning", "Authentication", "Notifications", "Analytics", "Inventory Management", "Field Services", "Rating Engine", "Self-Service Portal"],
      "test_failures": ["CRM", "Notifications", "Self-Service Portal"]
    },
    {
      "release_id": "R030",
      "date": "2025-08-01",
      "modules_changed": ["Inventory Management"],
      "regression_modules_run": ["Order Management", "Billing", "CRM", "Network Management", "Provisioning", "Authentication", "Notifications", "Analytics", "Inventory Management", "Field Services", "Rating Engine", "Self-Service Portal"],
      "test_failures": ["Inventory Management", "Field Services"]
    },
    {
      "release_id": "R031",
      "date": "2025-08-08",
      "modules_changed": ["Order Management", "Network Management"],
      "regression_modules_run": ["Order Management", "Billing", "CRM", "Network Management", "Provisioning", "Authentication", "Notifications", "Analytics", "Inventory Management", "Field Services", "Rating Engine", "Self-Service Portal"],
      "test_failures": ["Order Management", "Network Management", "Billing", "Provisioning", "Analytics"]
    },
    {
      "release_id": "R032",
      "date": "2025-08-15",
      "modules_changed": ["Authentication"],
      "regression_modules_run": ["Order Management", "Billing", "CRM", "Network Management", "Provisioning", "Authentication", "Notifications", "Analytics", "Inventory Management", "Field Services", "Rating Engine", "Self-Service Portal"],
      "test_failures": ["Authentication", "CRM", "Self-Service Portal"]
    },
    {
      "release_id": "R033",
      "date": "2025-08-22",
      "modules_changed": ["Billing", "Order Management"],
      "regression_modules_run": ["Order Management", "Billing", "CRM", "Network Management", "Provisioning", "Authentication", "Notifications", "Analytics", "Inventory Management", "Field Services", "Rating Engine", "Self-Service Portal"],
      "test_failures": ["Billing", "Order Management", "Notifications", "Analytics", "Provisioning"]
    },
    {
      "release_id": "R034",
      "date": "2025-08-29",
      "modules_changed": ["Rating Engine", "CRM"],
      "regression_modules_run": ["Order Management", "Billing", "CRM", "Network Management", "Provisioning", "Authentication", "Notifications", "Analytics", "Inventory Management", "Field Services", "Rating Engine", "Self-Service Portal"],
      "test_failures": ["Rating Engine", "CRM", "Billing", "Analytics", "Notifications", "Self-Service Portal"]
    },
    {
      "release_id": "R035",
      "date": "2025-09-05",
      "modules_changed": ["Provisioning", "Inventory Management"],
      "regression_modules_run": ["Order Management", "Billing", "CRM", "Network Management", "Provisioning", "Authentication", "Notifications", "Analytics", "Inventory Management", "Field Services", "Rating Engine", "Self-Service Portal"],
      "test_failures": ["Provisioning", "Inventory Management", "Network Management", "Field Services"]
    },
    {
      "release_id": "R036",
      "date": "2025-09-12",
      "modules_changed": ["Order Management"],
      "regression_modules_run": ["Order Management", "Billing", "CRM", "Network Management", "Provisioning", "Authentication", "Notifications", "Analytics", "Inventory Management", "Field Services", "Rating Engine", "Self-Service Portal"],
      "test_failures": ["Order Management", "Billing", "Provisioning"]
    },
    {
      "release_id": "R037",
      "date": "2025-09-19",
      "modules_changed": ["Network Management", "Billing"],
      "regression_modules_run": ["Order Management", "Billing", "CRM", "Network Management", "Provisioning", "Authentication", "Notifications", "Analytics", "Inventory Management", "Field Services", "Rating Engine", "Self-Service Portal"],
      "test_failures": ["Network Management", "Billing", "Analytics", "Provisioning", "Notifications"]
    },
    {
      "release_id": "R038",
      "date": "2025-09-26",
      "modules_changed": ["Authentication", "CRM"],
      "regression_modules_run": ["Order Management", "Billing", "CRM", "Network Management", "Provisioning", "Authentication", "Notifications", "Analytics", "Inventory Management", "Field Services", "Rating Engine", "Self-Service Portal"],
      "test_failures": ["Authentication", "CRM", "Self-Service Portal", "Notifications"]
    },
    {
      "release_id": "R039",
      "date": "2025-10-03",
      "modules_changed": ["Rating Engine", "Network Management"],
      "regression_modules_run": ["Order Management", "Billing", "CRM", "Network Management", "Provisioning", "Authentication", "Notifications", "Analytics", "Inventory Management", "Field Services", "Rating Engine", "Self-Service Portal"],
      "test_failures": ["Rating Engine", "Network Management", "Billing", "Analytics", "Provisioning"]
    },
    {
      "release_id": "R040",
      "date": "2025-10-10",
      "modules_changed": ["Order Management", "Rating Engine"],
      "regression_modules_run": ["Order Management", "Billing", "CRM", "Network Management", "Provisioning", "Authentication", "Notifications", "Analytics", "Inventory Management", "Field Services", "Rating Engine", "Self-Service Portal"],
      "test_failures": ["Order Management", "Rating Engine", "Billing", "Provisioning", "Analytics"]
    },
    {
      "release_id": "R041",
      "date": "2025-10-17",
      "modules_changed": ["Billing", "CRM", "Authentication"],
      "regression_modules_run": ["Order Management", "Billing", "CRM", "Network Management", "Provisioning", "Authentication", "Notifications", "Analytics", "Inventory Management", "Field Services", "Rating Engine", "Self-Service Portal"],
      "test_failures": ["Billing", "CRM", "Authentication", "Notifications", "Analytics", "Self-Service Portal"]
    },
    {
      "release_id": "R042",
      "date": "2025-10-24",
      "modules_changed": ["Provisioning"],
      "regression_modules_run": ["Order Management", "Billing", "CRM", "Network Management", "Provisioning", "Authentication", "Notifications", "Analytics", "Inventory Management", "Field Services", "Rating Engine", "Self-Service Portal"],
      "test_failures": ["Provisioning", "Network Management", "Inventory Management"]
    },
    {
      "release_id": "R043",
      "date": "2025-10-31",
      "modules_changed": ["Order Management", "Billing"],
      "regression_modules_run": ["Order Management", "Billing", "CRM", "Network Management", "Provisioning", "Authentication", "Notifications", "Analytics", "Inventory Management", "Field Services", "Rating Engine", "Self-Service Portal"],
      "test_failures": ["Order Management", "Billing", "Provisioning", "Notifications", "Analytics"]
    },
    {
      "release_id": "R044",
      "date": "2025-11-07",
      "modules_changed": ["CRM", "Order Management"],
      "regression_modules_run": ["Order Management", "Billing", "CRM", "Network Management", "Provisioning", "Authentication", "Notifications", "Analytics", "Inventory Management", "Field Services", "Rating Engine", "Self-Service Portal"],
      "test_failures": ["CRM", "Order Management", "Notifications", "Self-Service Portal", "Billing", "Provisioning"]
    },
    {
      "release_id": "R045",
      "date": "2025-11-14",
      "modules_changed": ["Network Management"],
      "regression_modules_run": ["Order Management", "Billing", "CRM", "Network Management", "Provisioning", "Authentication", "Notifications", "Analytics", "Inventory Management", "Field Services", "Rating Engine", "Self-Service Portal"],
      "test_failures": ["Network Management", "Analytics", "Provisioning"]
    },
    {
      "release_id": "R046",
      "date": "2025-11-21",
      "modules_changed": ["Rating Engine", "Order Management", "Billing"],
      "regression_modules_run": ["Order Management", "Billing", "CRM", "Network Management", "Provisioning", "Authentication", "Notifications", "Analytics", "Inventory Management", "Field Services", "Rating Engine", "Self-Service Portal"],
      "test_failures": ["Rating Engine", "Order Management", "Billing", "Analytics", "Provisioning", "Notifications"]
    },
    {
      "release_id": "R047",
      "date": "2025-11-28",
      "modules_changed": ["Authentication"],
      "regression_modules_run": ["Order Management", "Billing", "CRM", "Network Management", "Provisioning", "Authentication", "Notifications", "Analytics", "Inventory Management", "Field Services", "Rating Engine", "Self-Service Portal"],
      "test_failures": ["Authentication", "CRM", "Self-Service Portal"]
    },
    {
      "release_id": "R048",
      "date": "2025-12-05",
      "modules_changed": ["Inventory Management", "Field Services"],
      "regression_modules_run": ["Order Management", "Billing", "CRM", "Network Management", "Provisioning", "Authentication", "Notifications", "Analytics", "Inventory Management", "Field Services", "Rating Engine", "Self-Service Portal"],
      "test_failures": ["Inventory Management", "Field Services"]
    },
    {
      "release_id": "R049",
      "date": "2025-12-12",
      "modules_changed": ["Billing", "Network Management"],
      "regression_modules_run": ["Order Management", "Billing", "CRM", "Network Management", "Provisioning", "Authentication", "Notifications", "Analytics", "Inventory Management", "Field Services", "Rating Engine", "Self-Service Portal"],
      "test_failures": ["Billing", "Network Management", "Notifications", "Analytics", "Provisioning"]
    },
    {
      "release_id": "R050",
      "date": "2025-12-19",
      "modules_changed": ["Order Management", "CRM", "Rating Engine"],
      "regression_modules_run": ["Order Management", "Billing", "CRM", "Network Management", "Provisioning", "Authentication", "Notifications", "Analytics", "Inventory Management", "Field Services", "Rating Engine", "Self-Service Portal"],
      "test_failures": ["Order Management", "CRM", "Rating Engine", "Billing", "Provisioning", "Notifications", "Self-Service Portal", "Analytics"]
    }
  ]
}
