[
  {
    "incident_id": "INC-2025-0891",
    "date": "2025-11-15",
    "service": "billing-service",
    "environment": "production",
    "symptom": "billing-service pods entering CrashLoopBackOff after deployment of v3.1.0. Memory usage spiked to 512Mi exceeding the 256Mi limit. OOMKilled repeatedly.",
    "root_cause": "New PDF invoice generation library loaded a 200MB template cache into memory at startup. Container memory limit was set to 256Mi which was sufficient for v3.0.x but not for v3.1.0 with the new library.",
    "resolution": "Increased container memory limit from 256Mi to 768Mi in deployment.yaml. Also set JVM -Xmx to 512m. Added memory profiling to CI pipeline to catch regressions.",
    "category": "resource_sizing",
    "impact": "45 minutes downtime. 1200 invoices delayed."
  },
  {
    "incident_id": "INC-2025-0923",
    "date": "2025-12-03",
    "service": "auth-service",
    "environment": "staging",
    "symptom": "auth-service returning 500 errors after deployment. Logs showed 'OIDC_ISSUER_URL environment variable not set'. All authentication requests failing.",
    "root_cause": "New version required OIDC_ISSUER_URL environment variable for OpenID Connect support. The variable was added to the Helm values for production but missed in the staging configmap.",
    "resolution": "Added OIDC_ISSUER_URL to staging configmap: kubectl edit configmap auth-service-config -n staging. Updated Helm chart to include the variable in all environments. Added config validation to deployment pre-checks.",
    "category": "missing_config",
    "impact": "20 minutes staging downtime. Caught before production."
  },
  {
    "incident_id": "INC-2025-0945",
    "date": "2025-12-18",
    "service": "notification-service",
    "environment": "production",
    "symptom": "notification-service pods stuck in Pending state. kubectl describe showed 'Insufficient cpu' warning. Node autoscaler not triggered.",
    "root_cause": "CPU request was set to 2000m (2 cores) instead of 200m in the new deployment manifest. A typo in the Helm values file. No nodes had 2 free cores available.",
    "resolution": "Fixed CPU request from 2000m to 200m in values.yaml. Added resource limit validation in CI pipeline using kubeval. Deployment restarted successfully.",
    "category": "resource_sizing",
    "impact": "30 minutes. Notifications queued in Kafka, no data loss after recovery."
  },
  {
    "incident_id": "INC-2026-0012",
    "date": "2026-01-08",
    "service": "order-service",
    "environment": "production",
    "symptom": "Database migration failed during order-service v4.0 deployment. Flyway reported lock timeout on orders table. Connection pool exhausted.",
    "root_cause": "Migration included ALTER TABLE on orders (50M rows) without CONCURRENTLY flag. The table lock blocked all queries. Application connection pool exhausted waiting for locked queries. Pods restarted due to health check failures, further destabilizing the migration.",
    "resolution": "Rolled back migration. Rewrote ALTER TABLE to use CREATE INDEX CONCURRENTLY and backfill in batches of 10K rows. Added migration timeout of 60s in Flyway config. Re-deployed successfully.",
    "category": "database_migration",
    "impact": "90 minutes. Order processing halted. Revenue impact estimated at $45K."
  },
  {
    "incident_id": "INC-2026-0034",
    "date": "2026-01-22",
    "service": "payment-service",
    "environment": "staging",
    "symptom": "payment-service v2.1.0 failing health checks after deploy. API gateway returning 502 for all payment endpoints. Circuit breaker engaged.",
    "root_cause": "New version introduced TLS mutual authentication with payment gateway. The client certificate was stored in a Kubernetes secret (payment-tls-cert) but the secret was not mounted in the new deployment spec. Application failed to establish TLS connection to upstream payment gateway.",
    "resolution": "Added volume mount for secret/payment-tls-cert in deployment.yaml. Set PAYMENT_TLS_CERT_PATH=/etc/ssl/payment/client.pem and PAYMENT_TLS_KEY_PATH=/etc/ssl/payment/client-key.pem in configmap. Redeployed successfully.",
    "category": "missing_config",
    "impact": "15 minutes staging downtime. Prevented production incident."
  },
  {
    "incident_id": "INC-2026-0056",
    "date": "2026-02-01",
    "service": "api-gateway",
    "environment": "production",
    "symptom": "API gateway latency spiked to 10s+ after configuration update. 504 Gateway Timeout errors. CPU usage at 95% on gateway pods.",
    "root_cause": "Rate limiting configuration was updated with a regex pattern that caused catastrophic backtracking. Each request evaluation took 500ms+ instead of <1ms. Gateway CPU saturated processing rate limit rules.",
    "resolution": "Rolled back rate limit config. Rewrote regex pattern to avoid backtracking. Added regex complexity limit to config validation. Deployed fixed config.",
    "category": "configuration_error",
    "impact": "25 minutes. 15K requests affected with high latency."
  },
  {
    "incident_id": "INC-2026-0078",
    "date": "2026-02-05",
    "service": "analytics-service",
    "environment": "production",
    "symptom": "analytics-service pods OOMKilled during peak hours. Memory usage gradually climbed from 200Mi to 512Mi limit over 2 hours. GC overhead exceeded 90%.",
    "root_cause": "Memory leak in Kafka consumer. Messages were being deserialized and cached in an unbounded ConcurrentHashMap for deduplication. Under peak load (50K msgs/min), the map grew unboundedly until OOM.",
    "resolution": "Replaced ConcurrentHashMap with Caffeine cache with maxSize=10000 and 5-minute TTL. Increased memory limit from 512Mi to 1Gi as safety margin. Added memory usage alerting at 80% threshold.",
    "category": "resource_sizing",
    "impact": "2 hours intermittent. Analytics data gap during OOM periods."
  }
]
