{
  "scenario": "Telco Billing System - Loyalty Discount Feature Merge Failure",
  "feature_branch": {
    "branch_name": "feature/loyalty-discount",
    "developer": "Alice Chen",
    "description": "Adds a loyalty discount engine that applies tiered discounts based on customer tenure. Integrates with the billing pipeline via calculate_line_item_charge() in billing_utils.py.",
    "branch_off_commit": "a1b2c3d",
    "commits": [
      {
        "hash": "f001aaa",
        "author": "Alice Chen",
        "date": "2025-01-15T09:30:00",
        "message": "feat: add loyalty discount tier configuration",
        "files_changed": [
          "src/config/loyalty_tiers.yaml",
          "src/config/__init__.py"
        ],
        "diff": "diff --git a/src/config/loyalty_tiers.yaml b/src/config/loyalty_tiers.yaml\nnew file mode 100644\n--- /dev/null\n+++ b/src/config/loyalty_tiers.yaml\n@@ -0,0 +1,18 @@\n+loyalty_discount_tiers:\n+  - name: \"Bronze\"\n+    min_tenure_months: 12\n+    max_tenure_months: 24\n+    discount_pct: 5.0\n+  - name: \"Silver\"\n+    min_tenure_months: 24\n+    max_tenure_months: 48\n+    discount_pct: 10.0\n+  - name: \"Gold\"\n+    min_tenure_months: 48\n+    max_tenure_months: 96\n+    discount_pct: 15.0\n+  - name: \"Platinum\"\n+    min_tenure_months: 96\n+    max_tenure_months: null\n+    discount_pct: 20.0\n\ndiff --git a/src/config/__init__.py b/src/config/__init__.py\n--- a/src/config/__init__.py\n+++ b/src/config/__init__.py\n@@ -1,3 +1,4 @@\n from .billing_config import BillingConfig\n from .plan_config import PlanConfig\n+from .loyalty_tiers import LoyaltyTierConfig\n"
      },
      {
        "hash": "f002bbb",
        "author": "Alice Chen",
        "date": "2025-01-16T14:00:00",
        "message": "feat: implement LoyaltyDiscountEngine with tier calculation",
        "files_changed": [
          "src/billing/loyalty_engine.py",
          "src/billing/__init__.py"
        ],
        "diff": "diff --git a/src/billing/loyalty_engine.py b/src/billing/loyalty_engine.py\nnew file mode 100644\n--- /dev/null\n+++ b/src/billing/loyalty_engine.py\n@@ -0,0 +1,45 @@\n+from src.config.loyalty_tiers import LoyaltyTierConfig\n+from src.billing.billing_utils import calculate_line_item_charge\n+from src.models.customer import Customer\n+\n+class LoyaltyDiscountEngine:\n+    def __init__(self, tier_config: LoyaltyTierConfig):\n+        self.tiers = tier_config.load_tiers()\n+\n+    def get_discount_tier(self, customer: Customer) -> dict:\n+        tenure = customer.tenure_months\n+        for tier in self.tiers:\n+            if tier['min_tenure_months'] <= tenure:\n+                if tier['max_tenure_months'] is None or tenure < tier['max_tenure_months']:\n+                    return tier\n+        return None\n+\n+    def apply_loyalty_discount(self, customer: Customer, line_items: list) -> dict:\n+        tier = self.get_discount_tier(customer)\n+        if tier is None:\n+            return {\"discount_applied\": False, \"total\": self._sum_charges(line_items)}\n+\n+        discounted_items = []\n+        for item in line_items:\n+            # Uses the shared billing utility to get the base charge\n+            base_charge = calculate_line_item_charge(\n+                item['plan_code'],\n+                item['usage_units'],\n+                item['rate_plan']\n+            )\n+            discount_amount = base_charge * (tier['discount_pct'] / 100.0)\n+            final_charge = base_charge - discount_amount\n+            discounted_items.append({\n+                'item': item['plan_code'],\n+                'base_charge': base_charge,\n+                'discount_pct': tier['discount_pct'],\n+                'discount_amount': round(discount_amount, 2),\n+                'final_charge': round(final_charge, 2)\n+            })\n+\n+        return {\n+            \"discount_applied\": True,\n+            \"tier_name\": tier['name'],\n+            \"items\": discounted_items,\n+            \"total\": sum(i['final_charge'] for i in discounted_items)\n+        }\n+\n+    def _sum_charges(self, line_items):\n+        return sum(calculate_line_item_charge(i['plan_code'], i['usage_units'], i['rate_plan']) for i in line_items)\n"
      },
      {
        "hash": "f003ccc",
        "author": "Alice Chen",
        "date": "2025-01-17T10:00:00",
        "message": "test: add unit tests for loyalty discount engine",
        "files_changed": [
          "tests/test_loyalty_engine.py"
        ],
        "diff": "diff --git a/tests/test_loyalty_engine.py b/tests/test_loyalty_engine.py\nnew file mode 100644\n--- /dev/null\n+++ b/tests/test_loyalty_engine.py\n@@ -0,0 +1,52 @@\n+import pytest\n+from src.billing.loyalty_engine import LoyaltyDiscountEngine\n+from src.billing.billing_utils import calculate_line_item_charge\n+\n+class TestLoyaltyDiscountEngine:\n+    def test_bronze_tier_applied(self, sample_customer_18mo, sample_line_items):\n+        engine = LoyaltyDiscountEngine(tier_config)\n+        result = engine.apply_loyalty_discount(sample_customer_18mo, sample_line_items)\n+        assert result['discount_applied'] is True\n+        assert result['tier_name'] == 'Bronze'\n+        assert result['items'][0]['discount_pct'] == 5.0\n+\n+    def test_gold_tier_applied(self, sample_customer_60mo, sample_line_items):\n+        engine = LoyaltyDiscountEngine(tier_config)\n+        result = engine.apply_loyalty_discount(sample_customer_60mo, sample_line_items)\n+        assert result['tier_name'] == 'Gold'\n+        assert result['items'][0]['discount_pct'] == 15.0\n+\n+    def test_no_discount_for_new_customer(self, sample_customer_3mo, sample_line_items):\n+        engine = LoyaltyDiscountEngine(tier_config)\n+        result = engine.apply_loyalty_discount(sample_customer_3mo, sample_line_items)\n+        assert result['discount_applied'] is False\n+\n+    def test_calculate_line_item_charge_integration(self):\n+        # Verifies the shared utility function returns expected charges\n+        charge = calculate_line_item_charge('VOICE_UNLIM', 1, 'standard')\n+        assert charge == 45.00\n+\n+    def test_discount_amount_calculation(self, sample_customer_18mo):\n+        engine = LoyaltyDiscountEngine(tier_config)\n+        line_items = [{'plan_code': 'VOICE_UNLIM', 'usage_units': 1, 'rate_plan': 'standard'}]\n+        result = engine.apply_loyalty_discount(sample_customer_18mo, line_items)\n+        # 45.00 * 5% = 2.25 discount\n+        assert result['items'][0]['discount_amount'] == 2.25\n+        assert result['items'][0]['final_charge'] == 42.75\n"
      }
    ]
  },
  "main_branch_commits": [
    {
      "hash": "m001abc",
      "author": "Bob Martinez",
      "date": "2025-01-15T11:00:00",
      "message": "fix: correct timezone handling in CDR processing",
      "files_changed": [
        "src/cdr/cdr_processor.py",
        "src/cdr/timezone_utils.py"
      ],
      "diff": "diff --git a/src/cdr/cdr_processor.py b/src/cdr/cdr_processor.py\n--- a/src/cdr/cdr_processor.py\n+++ b/src/cdr/cdr_processor.py\n@@ -45,7 +45,7 @@ class CDRProcessor:\n     def process_record(self, raw_cdr: dict) -> ProcessedCDR:\n-        call_start = datetime.fromisoformat(raw_cdr['start_time'])\n+        call_start = parse_cdr_timestamp(raw_cdr['start_time'], raw_cdr.get('timezone', 'UTC'))\n         call_end = parse_cdr_timestamp(raw_cdr['end_time'], raw_cdr.get('timezone', 'UTC'))\n         duration = (call_end - call_start).total_seconds()\n\ndiff --git a/src/cdr/timezone_utils.py b/src/cdr/timezone_utils.py\n--- a/src/cdr/timezone_utils.py\n+++ b/src/cdr/timezone_utils.py\n@@ -1,8 +1,12 @@\n+import pytz\n from datetime import datetime\n\n-def parse_cdr_timestamp(ts_string: str, tz: str = 'UTC') -> datetime:\n-    dt = datetime.fromisoformat(ts_string)\n-    return dt\n+def parse_cdr_timestamp(ts_string: str, tz: str = 'UTC') -> datetime:\n+    dt = datetime.fromisoformat(ts_string)\n+    if dt.tzinfo is None:\n+        timezone = pytz.timezone(tz)\n+        dt = timezone.localize(dt)\n+    return dt\n"
    },
    {
      "hash": "m002def",
      "author": "Carol Wu",
      "date": "2025-01-15T16:30:00",
      "message": "docs: update API documentation for invoice endpoints",
      "files_changed": [
        "docs/api/invoices.md"
      ],
      "diff": "diff --git a/docs/api/invoices.md b/docs/api/invoices.md\n--- a/docs/api/invoices.md\n+++ b/docs/api/invoices.md\n@@ -12,6 +12,15 @@ Returns a paginated list of invoices for the specified account.\n | account_id | string | required | The customer account ID |\n | start_date | string | optional | Filter by billing period start (ISO 8601) |\n | end_date   | string | optional | Filter by billing period end (ISO 8601) |\n+| status     | string | optional | Filter by status: draft, finalized, paid, overdue |\n+\n+### Response Fields\n+| Field | Type | Description |\n+|-------|------|-------------|\n+| invoice_id | string | Unique invoice identifier |\n+| total_amount | decimal | Total invoice amount including taxes |\n+| discount_amount | decimal | Total discounts applied |\n+| net_amount | decimal | Amount after discounts |\n"
    },
    {
      "hash": "m003ghi",
      "author": "David Park",
      "date": "2025-01-16T09:15:00",
      "message": "feat: add data usage alerts for approaching plan limits",
      "files_changed": [
        "src/notifications/usage_alerts.py",
        "src/notifications/templates/usage_warning.html"
      ],
      "diff": "diff --git a/src/notifications/usage_alerts.py b/src/notifications/usage_alerts.py\nnew file mode 100644\n--- /dev/null\n+++ b/src/notifications/usage_alerts.py\n@@ -0,0 +1,38 @@\n+from src.models.customer import Customer\n+from src.billing.usage_tracker import UsageTracker\n+from src.notifications.email_service import EmailService\n+\n+class UsageAlertService:\n+    THRESHOLDS = [0.75, 0.90, 1.0]\n+\n+    def __init__(self, usage_tracker: UsageTracker, email_service: EmailService):\n+        self.usage_tracker = usage_tracker\n+        self.email_service = email_service\n+\n+    def check_and_notify(self, customer: Customer):\n+        for plan in customer.active_plans:\n+            usage_pct = self.usage_tracker.get_usage_percentage(\n+                customer.account_id, plan.plan_code\n+            )\n+            for threshold in self.THRESHOLDS:\n+                if usage_pct >= threshold and not self._already_notified(customer, plan, threshold):\n+                    self._send_alert(customer, plan, usage_pct, threshold)\n+\n+    def _send_alert(self, customer, plan, usage_pct, threshold):\n+        template = 'usage_warning.html'\n+        context = {\n+            'customer_name': customer.name,\n+            'plan_name': plan.display_name,\n+            'usage_pct': round(usage_pct * 100, 1),\n+            'threshold_pct': round(threshold * 100),\n+            'data_remaining_gb': plan.data_limit_gb * (1 - usage_pct)\n+        }\n+        self.email_service.send_template(customer.email, template, context)\n"
    },
    {
      "hash": "m004jkl",
      "author": "Emily Torres",
      "date": "2025-01-16T11:45:00",
      "message": "refactor: extract payment gateway into separate module",
      "files_changed": [
        "src/payments/gateway.py",
        "src/payments/__init__.py",
        "src/billing/invoice_service.py"
      ],
      "diff": "diff --git a/src/payments/gateway.py b/src/payments/gateway.py\nnew file mode 100644\n--- /dev/null\n+++ b/src/payments/gateway.py\n@@ -0,0 +1,32 @@\n+import logging\n+from src.payments.providers import StripeProvider, PayPalProvider\n+\n+logger = logging.getLogger(__name__)\n+\n+class PaymentGateway:\n+    def __init__(self, provider_name: str = 'stripe'):\n+        self.provider = self._init_provider(provider_name)\n+\n+    def _init_provider(self, name):\n+        providers = {'stripe': StripeProvider, 'paypal': PayPalProvider}\n+        return providers[name]()\n+\n+    def charge(self, account_id: str, amount: float, currency: str = 'USD') -> dict:\n+        logger.info(f\"Charging {amount} {currency} to account {account_id}\")\n+        return self.provider.process_payment(account_id, amount, currency)\n\ndiff --git a/src/billing/invoice_service.py b/src/billing/invoice_service.py\n--- a/src/billing/invoice_service.py\n+++ b/src/billing/invoice_service.py\n@@ -1,6 +1,6 @@\n from src.models.invoice import Invoice\n-from src.billing.payment_processor import process_payment\n+from src.payments.gateway import PaymentGateway\n\n class InvoiceService:\n-    def finalize_and_charge(self, invoice: Invoice):\n-        result = process_payment(invoice.account_id, invoice.total_amount)\n+    def finalize_and_charge(self, invoice: Invoice, gateway: PaymentGateway = None):\n+        gateway = gateway or PaymentGateway()\n+        result = gateway.charge(invoice.account_id, invoice.total_amount)\n         return result\n"
    },
    {
      "hash": "m005mno",
      "author": "Frank Liu",
      "date": "2025-01-16T14:30:00",
      "message": "perf: add caching layer for rate plan lookups",
      "files_changed": [
        "src/billing/rate_plan_cache.py",
        "src/billing/rating_engine.py"
      ],
      "diff": "diff --git a/src/billing/rate_plan_cache.py b/src/billing/rate_plan_cache.py\nnew file mode 100644\n--- /dev/null\n+++ b/src/billing/rate_plan_cache.py\n@@ -0,0 +1,25 @@\n+import functools\n+import time\n+\n+class RatePlanCache:\n+    _cache = {}\n+    _ttl = 300  # 5 minutes\n+\n+    @classmethod\n+    def get(cls, plan_code: str):\n+        entry = cls._cache.get(plan_code)\n+        if entry and (time.time() - entry['ts']) < cls._ttl:\n+            return entry['data']\n+        return None\n+\n+    @classmethod\n+    def set(cls, plan_code: str, data: dict):\n+        cls._cache[plan_code] = {'data': data, 'ts': time.time()}\n\ndiff --git a/src/billing/rating_engine.py b/src/billing/rating_engine.py\n--- a/src/billing/rating_engine.py\n+++ b/src/billing/rating_engine.py\n@@ -1,10 +1,16 @@\n from src.models.rate_plan import RatePlan\n+from src.billing.rate_plan_cache import RatePlanCache\n\n class RatingEngine:\n     def get_rate_plan(self, plan_code: str) -> RatePlan:\n-        return RatePlan.objects.get(code=plan_code)\n+        cached = RatePlanCache.get(plan_code)\n+        if cached:\n+            return RatePlan.from_dict(cached)\n+        plan = RatePlan.objects.get(code=plan_code)\n+        RatePlanCache.set(plan_code, plan.to_dict())\n+        return plan\n"
    },
    {
      "hash": "m006pqr",
      "author": "Grace Kim",
      "date": "2025-01-17T08:00:00",
      "message": "fix: handle null values in customer address validation",
      "files_changed": [
        "src/models/customer.py",
        "tests/test_customer.py"
      ],
      "diff": "diff --git a/src/models/customer.py b/src/models/customer.py\n--- a/src/models/customer.py\n+++ b/src/models/customer.py\n@@ -22,8 +22,10 @@ class Customer:\n     def validate_address(self):\n-        if not self.address.zip_code:\n+        if self.address is None:\n+            raise ValueError(\"Customer address is required\")\n+        if not getattr(self.address, 'zip_code', None):\n             raise ValueError(\"ZIP code is required\")\n-        if not self.address.state:\n+        if not getattr(self.address, 'state', None):\n             raise ValueError(\"State is required\")\n         return True\n"
    },
    {
      "hash": "m007stu",
      "author": "Henry Zhao",
      "date": "2025-01-17T10:30:00",
      "message": "feat: add international roaming charge calculation",
      "files_changed": [
        "src/billing/roaming_calculator.py",
        "src/config/roaming_rates.yaml"
      ],
      "diff": "diff --git a/src/billing/roaming_calculator.py b/src/billing/roaming_calculator.py\nnew file mode 100644\n--- /dev/null\n+++ b/src/billing/roaming_calculator.py\n@@ -0,0 +1,30 @@\n+import yaml\n+from src.billing.billing_utils import calculate_line_item_charge\n+\n+class RoamingCalculator:\n+    def __init__(self, rates_file='src/config/roaming_rates.yaml'):\n+        with open(rates_file) as f:\n+            self.rates = yaml.safe_load(f)\n+\n+    def calculate_roaming_charge(self, plan_code, usage_units, rate_plan, country_code):\n+        base_charge = calculate_line_item_charge(plan_code, usage_units, rate_plan)\n+        multiplier = self._get_country_multiplier(country_code)\n+        return round(base_charge * multiplier, 2)\n+\n+    def _get_country_multiplier(self, country_code):\n+        for zone in self.rates['roaming_zones']:\n+            if country_code in zone['countries']:\n+                return zone['multiplier']\n+        return self.rates['default_multiplier']\n"
    },
    {
      "hash": "m008vwx",
      "author": "Irene Santos",
      "date": "2025-01-17T13:00:00",
      "message": "test: add integration tests for billing cycle workflow",
      "files_changed": [
        "tests/integration/test_billing_cycle.py"
      ],
      "diff": "diff --git a/tests/integration/test_billing_cycle.py b/tests/integration/test_billing_cycle.py\nnew file mode 100644\n--- /dev/null\n+++ b/tests/integration/test_billing_cycle.py\n@@ -0,0 +1,35 @@\n+import pytest\n+from src.billing.billing_cycle import BillingCycleManager\n+from src.billing.billing_utils import calculate_line_item_charge\n+\n+class TestBillingCycleWorkflow:\n+    def test_full_billing_cycle(self, test_account):\n+        manager = BillingCycleManager()\n+        cycle = manager.open_cycle(test_account)\n+\n+        # Add usage records\n+        manager.record_usage(cycle, 'VOICE_UNLIM', 1, 'standard')\n+        manager.record_usage(cycle, 'DATA_5GB', 4.2, 'standard')\n+\n+        # Close and generate invoice\n+        invoice = manager.close_cycle(cycle)\n+        assert invoice.total_amount > 0\n+        assert len(invoice.line_items) == 2\n+\n+    def test_proration_on_mid_cycle_change(self, test_account):\n+        manager = BillingCycleManager()\n+        cycle = manager.open_cycle(test_account)\n+\n+        # Simulate mid-cycle plan change\n+        manager.record_usage(cycle, 'VOICE_UNLIM', 1, 'standard')\n+        manager.apply_plan_change(cycle, 'VOICE_UNLIM', 'VOICE_PREM', day_of_cycle=15)\n+\n+        invoice = manager.close_cycle(cycle)\n+        # Should have prorated charges\n+        assert len(invoice.line_items) == 2  # old plan + new plan prorated\n"
    },
    {
      "hash": "m009yza",
      "author": "Jake Thompson",
      "date": "2025-01-17T15:45:00",
      "message": "refactor: update billing utils for multi-currency support",
      "files_changed": [
        "src/billing/billing_utils.py",
        "src/billing/currency_converter.py"
      ],
      "diff": "diff --git a/src/billing/billing_utils.py b/src/billing/billing_utils.py\n--- a/src/billing/billing_utils.py\n+++ b/src/billing/billing_utils.py\n@@ -1,5 +1,6 @@\n from src.models.rate_plan import RatePlan\n from src.billing.rate_plan_cache import RatePlanCache\n+from src.billing.currency_converter import CurrencyConverter\n\n PLAN_BASE_RATES = {\n     'VOICE_UNLIM': 45.00,\n@@ -10,14 +11,20 @@\n     'IOT_BASIC': 5.00,\n }\n\n-def calculate_line_item_charge(plan_code: str, usage_units: float, rate_plan: str) -> float:\n+def calculate_line_item_charge(plan_code: str, usage_units: float, rate_plan: str,\n+                                currency: str = 'USD', billing_region: str = 'US') -> float:\n     \"\"\"\n     Calculate the charge for a single line item.\n+    Now supports multi-currency billing and regional rate adjustments.\n\n     Args:\n         plan_code: The plan identifier (e.g., 'VOICE_UNLIM')\n         usage_units: Number of usage units consumed\n         rate_plan: The rate plan tier ('standard', 'premium', etc.)\n+        currency: Target currency code (default: 'USD')\n+        billing_region: Billing region for regional rate adjustments (default: 'US')\n+\n+    Returns:\n+        float: Calculated charge in the specified currency\n     \"\"\"\n     base_rate = PLAN_BASE_RATES.get(plan_code, 0.0)\n\n@@ -28,4 +35,10 @@\n         rate_multiplier = 1.0\n\n-    return round(base_rate * usage_units * rate_multiplier, 2)\n+    charge_usd = round(base_rate * usage_units * rate_multiplier, 2)\n+\n+    if currency != 'USD':\n+        converter = CurrencyConverter()\n+        charge = converter.convert(charge_usd, 'USD', currency)\n+        return round(charge, 2)\n+\n+    return charge_usd\n\ndiff --git a/src/billing/currency_converter.py b/src/billing/currency_converter.py\nnew file mode 100644\n--- /dev/null\n+++ b/src/billing/currency_converter.py\n@@ -0,0 +1,22 @@\n+class CurrencyConverter:\n+    # Simplified exchange rates for demo\n+    RATES = {\n+        ('USD', 'EUR'): 0.92,\n+        ('USD', 'GBP'): 0.79,\n+        ('USD', 'CAD'): 1.36,\n+        ('USD', 'MXN'): 17.15,\n+        ('EUR', 'USD'): 1.09,\n+        ('GBP', 'USD'): 1.27,\n+    }\n+\n+    def convert(self, amount: float, from_currency: str, to_currency: str) -> float:\n+        if from_currency == to_currency:\n+            return amount\n+        rate = self.RATES.get((from_currency, to_currency))\n+        if rate is None:\n+            raise ValueError(f\"No exchange rate for {from_currency} -> {to_currency}\")\n+        return amount * rate\n"
    },
    {
      "hash": "m010bcd",
      "author": "Karen Lee",
      "date": "2025-01-18T09:00:00",
      "message": "fix: prevent duplicate invoice generation for same billing period",
      "files_changed": [
        "src/billing/invoice_service.py"
      ],
      "diff": "diff --git a/src/billing/invoice_service.py b/src/billing/invoice_service.py\n--- a/src/billing/invoice_service.py\n+++ b/src/billing/invoice_service.py\n@@ -8,6 +8,13 @@ class InvoiceService:\n+    def generate_invoice(self, account_id: str, billing_period: str) -> Invoice:\n+        # Check for existing invoice to prevent duplicates\n+        existing = Invoice.objects.filter(\n+            account_id=account_id,\n+            billing_period=billing_period,\n+            status__in=['draft', 'finalized', 'paid']\n+        ).first()\n+        if existing:\n+            raise DuplicateInvoiceError(\n+                f\"Invoice already exists for account {account_id}, period {billing_period}\"\n+            )\n+        return self._create_invoice(account_id, billing_period)\n"
    },
    {
      "hash": "m011efg",
      "author": "Leo Nguyen",
      "date": "2025-01-18T11:30:00",
      "message": "feat: add batch processing for CDR records",
      "files_changed": [
        "src/cdr/batch_processor.py",
        "src/cdr/cdr_processor.py"
      ],
      "diff": "diff --git a/src/cdr/batch_processor.py b/src/cdr/batch_processor.py\nnew file mode 100644\n--- /dev/null\n+++ b/src/cdr/batch_processor.py\n@@ -0,0 +1,28 @@\n+import logging\n+from concurrent.futures import ThreadPoolExecutor\n+from src.cdr.cdr_processor import CDRProcessor\n+\n+logger = logging.getLogger(__name__)\n+\n+class BatchCDRProcessor:\n+    def __init__(self, max_workers: int = 4):\n+        self.processor = CDRProcessor()\n+        self.max_workers = max_workers\n+\n+    def process_batch(self, cdr_records: list) -> dict:\n+        results = {'success': 0, 'failed': 0, 'errors': []}\n+        with ThreadPoolExecutor(max_workers=self.max_workers) as executor:\n+            futures = {executor.submit(self.processor.process_record, r): r for r in cdr_records}\n+            for future in futures:\n+                try:\n+                    future.result()\n+                    results['success'] += 1\n+                except Exception as e:\n+                    results['failed'] += 1\n+                    results['errors'].append(str(e))\n+        return results\n"
    },
    {
      "hash": "m012hij",
      "author": "Maria Gonzalez",
      "date": "2025-01-18T14:00:00",
      "message": "refactor: restructure billing configuration for environment support",
      "files_changed": [
        "src/config/billing_config.py",
        "src/config/billing_defaults.yaml"
      ],
      "diff": "diff --git a/src/config/billing_config.py b/src/config/billing_config.py\n--- a/src/config/billing_config.py\n+++ b/src/config/billing_config.py\n@@ -5,15 +5,25 @@ class BillingConfig:\n-    def __init__(self, config_path='src/config/billing_defaults.yaml'):\n+    def __init__(self, config_path='src/config/billing_defaults.yaml', environment='production'):\n         with open(config_path) as f:\n-            self._config = yaml.safe_load(f)\n+            full_config = yaml.safe_load(f)\n+        self._config = full_config.get('environments', {}).get(environment, full_config.get('defaults', {}))\n+        self._env = environment\n\n     def get(self, key, default=None):\n-        return self._config.get(key, default)\n+        # Support nested key access with dot notation\n+        keys = key.split('.')\n+        value = self._config\n+        for k in keys:\n+            if isinstance(value, dict):\n+                value = value.get(k)\n+            else:\n+                return default\n+        return value if value is not None else default\n\ndiff --git a/src/config/billing_defaults.yaml b/src/config/billing_defaults.yaml\n--- a/src/config/billing_defaults.yaml\n+++ b/src/config/billing_defaults.yaml\n@@ -1,8 +1,20 @@\n-tax_rate: 0.08\n-late_fee_pct: 1.5\n-grace_period_days: 15\n-max_line_items: 500\n-currency: USD\n-billing_cycle_day: 1\n+defaults:\n+  tax_rate: 0.08\n+  late_fee_pct: 1.5\n+  grace_period_days: 15\n+  max_line_items: 500\n+  currency: USD\n+  billing_cycle_day: 1\n+\n+environments:\n+  production:\n+    tax_rate: 0.08\n+    late_fee_pct: 1.5\n+    grace_period_days: 15\n+    max_line_items: 500\n+    currency: USD\n+  staging:\n+    tax_rate: 0.0\n+    late_fee_pct: 0.0\n+    grace_period_days: 30\n+    max_line_items: 100\n+    currency: USD\n"
    },
    {
      "hash": "m013klm",
      "author": "Nathan Brown",
      "date": "2025-01-19T09:00:00",
      "message": "chore: upgrade pytest and update test fixtures",
      "files_changed": [
        "requirements.txt",
        "tests/conftest.py"
      ],
      "diff": "diff --git a/requirements.txt b/requirements.txt\n--- a/requirements.txt\n+++ b/requirements.txt\n@@ -5,7 +5,7 @@\n-pytest==7.4.0\n+pytest==8.0.0\n pytest-cov==4.1.0\n-pytest-asyncio==0.21.0\n+pytest-asyncio==0.23.0\n\ndiff --git a/tests/conftest.py b/tests/conftest.py\n--- a/tests/conftest.py\n+++ b/tests/conftest.py\n@@ -1,5 +1,6 @@\n import pytest\n from src.models.customer import Customer\n+from src.models.address import Address\n\n @pytest.fixture\n def sample_customer_18mo():\n@@ -8,6 +9,7 @@\n         name=\"Test User\",\n         tenure_months=18,\n         account_id=\"ACC-001\",\n+        address=Address(street=\"123 Main St\", city=\"Dallas\", state=\"TX\", zip_code=\"75201\"),\n         active_plans=[]\n     )\n"
    },
    {
      "hash": "m014nop",
      "author": "Olivia Davis",
      "date": "2025-01-19T11:00:00",
      "message": "feat: add tax calculation by state for US billing",
      "files_changed": [
        "src/billing/tax_calculator.py",
        "src/config/state_tax_rates.yaml"
      ],
      "diff": "diff --git a/src/billing/tax_calculator.py b/src/billing/tax_calculator.py\nnew file mode 100644\n--- /dev/null\n+++ b/src/billing/tax_calculator.py\n@@ -0,0 +1,24 @@\n+import yaml\n+\n+class TaxCalculator:\n+    def __init__(self, rates_file='src/config/state_tax_rates.yaml'):\n+        with open(rates_file) as f:\n+            self.rates = yaml.safe_load(f)\n+\n+    def calculate_tax(self, amount: float, state: str) -> float:\n+        rate = self.rates.get('state_rates', {}).get(state, self.rates.get('default_rate', 0.08))\n+        return round(amount * rate, 2)\n+\n+    def calculate_total_with_tax(self, subtotal: float, state: str) -> dict:\n+        tax = self.calculate_tax(subtotal, state)\n+        return {\n+            'subtotal': subtotal,\n+            'tax_rate': self.rates.get('state_rates', {}).get(state, 0.08),\n+            'tax_amount': tax,\n+            'total': round(subtotal + tax, 2)\n+        }\n"
    },
    {
      "hash": "m015qrs",
      "author": "Peter Chang",
      "date": "2025-01-19T15:00:00",
      "message": "fix: resolve race condition in concurrent billing updates",
      "files_changed": [
        "src/billing/billing_cycle.py"
      ],
      "diff": "diff --git a/src/billing/billing_cycle.py b/src/billing/billing_cycle.py\n--- a/src/billing/billing_cycle.py\n+++ b/src/billing/billing_cycle.py\n@@ -15,9 +15,14 @@ class BillingCycleManager:\n     def close_cycle(self, cycle):\n-        cycle.status = 'closed'\n-        cycle.save()\n-        invoice = self.invoice_service.generate_invoice(cycle)\n-        return invoice\n+        from django.db import transaction\n+        with transaction.atomic():\n+            # Lock the cycle row to prevent concurrent modifications\n+            cycle = BillingCycle.objects.select_for_update().get(pk=cycle.pk)\n+            if cycle.status == 'closed':\n+                raise CycleAlreadyClosedError(f\"Cycle {cycle.pk} is already closed\")\n+            cycle.status = 'closed'\n+            cycle.save()\n+            invoice = self.invoice_service.generate_invoice(cycle)\n+            return invoice\n"
    }
  ],
  "merge_failure": {
    "merge_attempt_date": "2025-01-20T09:00:00",
    "source_branch": "feature/loyalty-discount",
    "target_branch": "main",
    "merge_status": "FAILED",
    "error_log": "\n================================================================================\nMERGE CONFLICT RESOLUTION: Auto-merged successfully (no textual conflicts)\n================================================================================\n\nRunning post-merge test suite...\n\n================================================================================\nFAILED TESTS (3 failures)\n================================================================================\n\n_______________________ TestLoyaltyDiscountEngine.test_discount_amount_calculation _______________________\n\n    def test_discount_amount_calculation(self, sample_customer_18mo):\n        engine = LoyaltyDiscountEngine(tier_config)\n        line_items = [{'plan_code': 'VOICE_UNLIM', 'usage_units': 1, 'rate_plan': 'standard'}]\n        result = engine.apply_loyalty_discount(sample_customer_18mo, line_items)\n>       assert result['items'][0]['discount_amount'] == 2.25\n\nE       TypeError: calculate_line_item_charge() got an unexpected keyword argument 'rate_plan'\nE\nE       The above exception occurred while calling:\nE         src/billing/loyalty_engine.py:27 in apply_loyalty_discount\nE           base_charge = calculate_line_item_charge(\nE               item['plan_code'],\nE               item['usage_units'],\nE               item['rate_plan']\nE           )\nE\nE       Note: calculate_line_item_charge() signature is now:\nE         calculate_line_item_charge(plan_code, usage_units, rate_plan, currency='USD', billing_region='US')\nE       But the call passes rate_plan as a positional arg (3rd position matches correctly),\nE       however an internal import chain causes the old cached module to conflict.\n\nFAILED tests/test_loyalty_engine.py::TestLoyaltyDiscountEngine::test_discount_amount_calculation\n\n_______________________ TestLoyaltyDiscountEngine.test_bronze_tier_applied _______________________\n\n    def test_bronze_tier_applied(self, sample_customer_18mo, sample_line_items):\n        engine = LoyaltyDiscountEngine(tier_config)\n        result = engine.apply_loyalty_discount(sample_customer_18mo, sample_line_items)\n>       assert result['discount_applied'] is True\n\nE       TypeError: calculate_line_item_charge() got an unexpected keyword argument 'rate_plan'\nE\nE       src/billing/loyalty_engine.py:27 in apply_loyalty_discount\n\nFAILED tests/test_loyalty_engine.py::TestLoyaltyDiscountEngine::test_bronze_tier_applied\n\n_______________________ TestLoyaltyDiscountEngine.test_calculate_line_item_charge_integration _______________________\n\n    def test_calculate_line_item_charge_integration(self):\n        charge = calculate_line_item_charge('VOICE_UNLIM', 1, 'standard')\n>       assert charge == 45.00\n\nE       AssertionError: assert 41.4 == 45.0\nE\nE       Note: The function now applies regional rate adjustments by default.\nE       With billing_region='US', a 0.92 regional factor is applied.\nE       Expected: 45.00 (old behavior, no regional adjustment)\nE       Got: 41.40 (new behavior with default regional adjustment)\n\nFAILED tests/test_loyalty_engine.py::TestLoyaltyDiscountEngine::test_calculate_line_item_charge_integration\n\n_______________________ WARNINGS _______________________\n\nsrc/config/billing_config.py:8: UserWarning: BillingConfig now requires 'environment' parameter.\n  Defaulting to 'production'. Config key 'tax_rate' access pattern may need updating to dot notation.\n\n================================================================================\nSUMMARY: 3 failed, 47 passed, 1 warning in 12.34s\n================================================================================\n",
    "affected_files_in_feature": [
      "src/billing/loyalty_engine.py",
      "tests/test_loyalty_engine.py"
    ]
  },
  "ground_truth": {
    "primary_culprit": {
      "commit_hash": "m009yza",
      "author": "Jake Thompson",
      "reason": "Changed signature of calculate_line_item_charge() in billing_utils.py by adding currency and billing_region parameters. Also introduced a regional rate adjustment that changes default return values. Alice's loyalty_engine.py calls this function with positional args and expects the original return values."
    },
    "secondary_culprit": {
      "commit_hash": "m012hij",
      "author": "Maria Gonzalez",
      "reason": "Restructured BillingConfig from flat to nested format with environment support. This causes a warning and may affect config lookups in the loyalty tier configuration if it shares the same config loader pattern."
    }
  }
}