{
  "branch_name": "feature/loyalty-discount",
  "developer": "Alice Chen",
  "description": "Adds a loyalty discount engine that applies tiered discounts based on customer tenure. Integrates with the billing pipeline via calculate_line_item_charge() in billing_utils.py.",
  "branch_off_commit": "a1b2c3d",
  "commits": [
    {
      "hash": "f001aaa",
      "author": "Alice Chen",
      "date": "2025-01-15T09:30:00",
      "message": "feat: add loyalty discount tier configuration",
      "files_changed": [
        "src/config/loyalty_tiers.yaml",
        "src/config/__init__.py"
      ],
      "diff": "diff --git a/src/config/loyalty_tiers.yaml b/src/config/loyalty_tiers.yaml\nnew file mode 100644\n--- /dev/null\n+++ b/src/config/loyalty_tiers.yaml\n@@ -0,0 +1,18 @@\n+loyalty_discount_tiers:\n+  - name: \"Bronze\"\n+    min_tenure_months: 12\n+    max_tenure_months: 24\n+    discount_pct: 5.0\n+  - name: \"Silver\"\n+    min_tenure_months: 24\n+    max_tenure_months: 48\n+    discount_pct: 10.0\n+  - name: \"Gold\"\n+    min_tenure_months: 48\n+    max_tenure_months: 96\n+    discount_pct: 15.0\n+  - name: \"Platinum\"\n+    min_tenure_months: 96\n+    max_tenure_months: null\n+    discount_pct: 20.0\n\ndiff --git a/src/config/__init__.py b/src/config/__init__.py\n--- a/src/config/__init__.py\n+++ b/src/config/__init__.py\n@@ -1,3 +1,4 @@\n from .billing_config import BillingConfig\n from .plan_config import PlanConfig\n+from .loyalty_tiers import LoyaltyTierConfig\n"
    },
    {
      "hash": "f002bbb",
      "author": "Alice Chen",
      "date": "2025-01-16T14:00:00",
      "message": "feat: implement LoyaltyDiscountEngine with tier calculation",
      "files_changed": [
        "src/billing/loyalty_engine.py",
        "src/billing/__init__.py"
      ],
      "diff": "diff --git a/src/billing/loyalty_engine.py b/src/billing/loyalty_engine.py\nnew file mode 100644\n--- /dev/null\n+++ b/src/billing/loyalty_engine.py\n@@ -0,0 +1,45 @@\n+from src.config.loyalty_tiers import LoyaltyTierConfig\n+from src.billing.billing_utils import calculate_line_item_charge\n+from src.models.customer import Customer\n+\n+class LoyaltyDiscountEngine:\n+    def __init__(self, tier_config: LoyaltyTierConfig):\n+        self.tiers = tier_config.load_tiers()\n+\n+    def get_discount_tier(self, customer: Customer) -> dict:\n+        tenure = customer.tenure_months\n+        for tier in self.tiers:\n+            if tier['min_tenure_months'] <= tenure:\n+                if tier['max_tenure_months'] is None or tenure < tier['max_tenure_months']:\n+                    return tier\n+        return None\n+\n+    def apply_loyalty_discount(self, customer: Customer, line_items: list) -> dict:\n+        tier = self.get_discount_tier(customer)\n+        if tier is None:\n+            return {\"discount_applied\": False, \"total\": self._sum_charges(line_items)}\n+\n+        discounted_items = []\n+        for item in line_items:\n+            # Uses the shared billing utility to get the base charge\n+            base_charge = calculate_line_item_charge(\n+                item['plan_code'],\n+                item['usage_units'],\n+                item['rate_plan']\n+            )\n+            discount_amount = base_charge * (tier['discount_pct'] / 100.0)\n+            final_charge = base_charge - discount_amount\n+            discounted_items.append({\n+                'item': item['plan_code'],\n+                'base_charge': base_charge,\n+                'discount_pct': tier['discount_pct'],\n+                'discount_amount': round(discount_amount, 2),\n+                'final_charge': round(final_charge, 2)\n+            })\n+\n+        return {\n+            \"discount_applied\": True,\n+            \"tier_name\": tier['name'],\n+            \"items\": discounted_items,\n+            \"total\": sum(i['final_charge'] for i in discounted_items)\n+        }\n+\n+    def _sum_charges(self, line_items):\n+        return sum(calculate_line_item_charge(i['plan_code'], i['usage_units'], i['rate_plan']) for i in line_items)\n"
    },
    {
      "hash": "f003ccc",
      "author": "Alice Chen",
      "date": "2025-01-17T10:00:00",
      "message": "test: add unit tests for loyalty discount engine",
      "files_changed": [
        "tests/test_loyalty_engine.py"
      ],
      "diff": "diff --git a/tests/test_loyalty_engine.py b/tests/test_loyalty_engine.py\nnew file mode 100644\n--- /dev/null\n+++ b/tests/test_loyalty_engine.py\n@@ -0,0 +1,52 @@\n+import pytest\n+from src.billing.loyalty_engine import LoyaltyDiscountEngine\n+from src.billing.billing_utils import calculate_line_item_charge\n+\n+class TestLoyaltyDiscountEngine:\n+    def test_bronze_tier_applied(self, sample_customer_18mo, sample_line_items):\n+        engine = LoyaltyDiscountEngine(tier_config)\n+        result = engine.apply_loyalty_discount(sample_customer_18mo, sample_line_items)\n+        assert result['discount_applied'] is True\n+        assert result['tier_name'] == 'Bronze'\n+        assert result['items'][0]['discount_pct'] == 5.0\n+\n+    def test_gold_tier_applied(self, sample_customer_60mo, sample_line_items):\n+        engine = LoyaltyDiscountEngine(tier_config)\n+        result = engine.apply_loyalty_discount(sample_customer_60mo, sample_line_items)\n+        assert result['tier_name'] == 'Gold'\n+        assert result['items'][0]['discount_pct'] == 15.0\n+\n+    def test_no_discount_for_new_customer(self, sample_customer_3mo, sample_line_items):\n+        engine = LoyaltyDiscountEngine(tier_config)\n+        result = engine.apply_loyalty_discount(sample_customer_3mo, sample_line_items)\n+        assert result['discount_applied'] is False\n+\n+    def test_calculate_line_item_charge_integration(self):\n+        # Verifies the shared utility function returns expected charges\n+        charge = calculate_line_item_charge('VOICE_UNLIM', 1, 'standard')\n+        assert charge == 45.00\n+\n+    def test_discount_amount_calculation(self, sample_customer_18mo):\n+        engine = LoyaltyDiscountEngine(tier_config)\n+        line_items = [{'plan_code': 'VOICE_UNLIM', 'usage_units': 1, 'rate_plan': 'standard'}]\n+        result = engine.apply_loyalty_discount(sample_customer_18mo, line_items)\n+        # 45.00 * 5% = 2.25 discount\n+        assert result['items'][0]['discount_amount'] == 2.25\n+        assert result['items'][0]['final_charge'] == 42.75\n"
    }
  ]
}