{
  "merge_attempt_date": "2025-01-20T09:00:00",
  "source_branch": "feature/loyalty-discount",
  "target_branch": "main",
  "merge_status": "FAILED",
  "error_log": "\n================================================================================\nMERGE CONFLICT RESOLUTION: Auto-merged successfully (no textual conflicts)\n================================================================================\n\nRunning post-merge test suite...\n\n================================================================================\nFAILED TESTS (3 failures)\n================================================================================\n\n_______________________ TestLoyaltyDiscountEngine.test_discount_amount_calculation _______________________\n\n    def test_discount_amount_calculation(self, sample_customer_18mo):\n        engine = LoyaltyDiscountEngine(tier_config)\n        line_items = [{'plan_code': 'VOICE_UNLIM', 'usage_units': 1, 'rate_plan': 'standard'}]\n        result = engine.apply_loyalty_discount(sample_customer_18mo, line_items)\n>       assert result['items'][0]['discount_amount'] == 2.25\n\nE       TypeError: calculate_line_item_charge() got an unexpected keyword argument 'rate_plan'\nE\nE       The above exception occurred while calling:\nE         src/billing/loyalty_engine.py:27 in apply_loyalty_discount\nE           base_charge = calculate_line_item_charge(\nE               item['plan_code'],\nE               item['usage_units'],\nE               item['rate_plan']\nE           )\nE\nE       Note: calculate_line_item_charge() signature is now:\nE         calculate_line_item_charge(plan_code, usage_units, rate_plan, currency='USD', billing_region='US')\nE       But the call passes rate_plan as a positional arg (3rd position matches correctly),\nE       however an internal import chain causes the old cached module to conflict.\n\nFAILED tests/test_loyalty_engine.py::TestLoyaltyDiscountEngine::test_discount_amount_calculation\n\n_______________________ TestLoyaltyDiscountEngine.test_bronze_tier_applied _______________________\n\n    def test_bronze_tier_applied(self, sample_customer_18mo, sample_line_items):\n        engine = LoyaltyDiscountEngine(tier_config)\n        result = engine.apply_loyalty_discount(sample_customer_18mo, sample_line_items)\n>       assert result['discount_applied'] is True\n\nE       TypeError: calculate_line_item_charge() got an unexpected keyword argument 'rate_plan'\nE\nE       src/billing/loyalty_engine.py:27 in apply_loyalty_discount\n\nFAILED tests/test_loyalty_engine.py::TestLoyaltyDiscountEngine::test_bronze_tier_applied\n\n_______________________ TestLoyaltyDiscountEngine.test_calculate_line_item_charge_integration _______________________\n\n    def test_calculate_line_item_charge_integration(self):\n        charge = calculate_line_item_charge('VOICE_UNLIM', 1, 'standard')\n>       assert charge == 45.00\n\nE       AssertionError: assert 41.4 == 45.0\nE\nE       Note: The function now applies regional rate adjustments by default.\nE       With billing_region='US', a 0.92 regional factor is applied.\nE       Expected: 45.00 (old behavior, no regional adjustment)\nE       Got: 41.40 (new behavior with default regional adjustment)\n\nFAILED tests/test_loyalty_engine.py::TestLoyaltyDiscountEngine::test_calculate_line_item_charge_integration\n\n_______________________ WARNINGS _______________________\n\nsrc/config/billing_config.py:8: UserWarning: BillingConfig now requires 'environment' parameter.\n  Defaulting to 'production'. Config key 'tax_rate' access pattern may need updating to dot notation.\n\n================================================================================\nSUMMARY: 3 failed, 47 passed, 1 warning in 12.34s\n================================================================================\n",
  "affected_files_in_feature": [
    "src/billing/loyalty_engine.py",
    "tests/test_loyalty_engine.py"
  ]
}